<?xml version="1.0" encoding="UTF-8"?>
<window>
	<allowoverlay>no</allowoverlay>
	<controls>
		<control type="group">
			<animation effect="fade" time="250">WindowOpen</animation>
			<animation effect="fade" time="250">WindowClose</animation>
			<control type="image">
				<posx>0</posx>
				<posy>0</posy>
				<width>1280</width>
				<height>720</height>
				<aspectratio>scale</aspectratio>
				<texture>TVGuide-Background.jpg</texture>
			</control>
			<control type="group">
				<visible>!String.IsEmpty(Window(Home).Property(TVGuide.BackgroundFanart))</visible>
				<control type="image">
					<posx>0</posx>
					<posy>0</posy>
					<width>1280</width>
					<height>720</height>
					<aspectratio>scale</aspectratio>
					<texture background="true">$INFO[Container(200).ListItem.Property(Fanart)]</texture>
					<visible>Control.HasFocus(200)</visible>
					<fadetime>600</fadetime>
					<animation effect="fade" time="600">Visible</animation>
					<animation effect="fade" time="600">Hidden</animation>
				</control>
				<control type="image">
					<posx>0</posx>
					<posy>0</posy>
					<width>1280</width>
					<height>720</height>
					<aspectratio>scale</aspectratio>
					<texture background="true">$INFO[Container(201).ListItem.Property(Fanart)]</texture>
					<visible>Control.HasFocus(201)</visible>
					<fadetime>600</fadetime>
					<animation effect="fade" time="600">Visible</animation>
					<animation effect="fade" time="600">Hidden</animation>
				</control>
				<control type="image">
					<posx>0</posx>
					<posy>0</posy>
					<width>1280</width>
					<height>720</height>
					<aspectratio>scale</aspectratio>
					<texture background="true">$INFO[Container(202).ListItem.Property(Fanart)]</texture>
					<visible>Control.HasFocus(202)</visible>
					<fadetime>600</fadetime>
					<animation effect="fade" time="600">Visible</animation>
					<animation effect="fade" time="600">Hidden</animation>
				</control>
				<control type="image">
					<posx>0</posx>
					<posy>0</posy>
					<width>1280</width>
					<height>720</height>
					<aspectratio>scale</aspectratio>
					<texture background="true">$INFO[Container(203).ListItem.Property(Fanart)]</texture>
					<visible>Control.HasFocus(203)</visible>
					<fadetime>600</fadetime>
					<animation effect="fade" time="600">Visible</animation>
					<animation effect="fade" time="600">Hidden</animation>
				</control>
				<control type="image">
					<posx>0</posx>
					<posy>0</posy>
					<width>1280</width>
					<height>720</height>
					<aspectratio>scale</aspectratio>
					<texture background="true">$INFO[Container(204).ListItem.Property(Fanart)]</texture>
					<visible>Control.HasFocus(204)</visible>
					<fadetime>600</fadetime>
					<animation effect="fade" time="600">Visible</animation>
					<animation effect="fade" time="600">Hidden</animation>
				</control>
				<control type="image">
					<posx>0</posx>
					<posy>0</posy>
					<width>1280</width>
					<height>720</height>
					<aspectratio>scale</aspectratio>
					<texture background="true">$INFO[Container(205).ListItem.Property(Fanart)]</texture>
					<visible>Control.HasFocus(205)</visible>
					<fadetime>600</fadetime>
					<animation effect="fade" time="600">Visible</animation>
					<animation effect="fade" time="600">Hidden</animation>
				</control>
				<control type="image">
					<posx>0</posx>
					<posy>0</posy>
					<width>1280</width>
					<height>720</height>
					<aspectratio>scale</aspectratio>
					<texture background="true">$INFO[Container(206).ListItem.Property(Fanart)]</texture>
					<visible>Control.HasFocus(206)</visible>
					<fadetime>600</fadetime>
					<animation effect="fade" time="600">Visible</animation>
					<animation effect="fade" time="600">Hidden</animation>
				</control>
			</control>
            <control type="image">
                    <description>Bg</description>
                    <posx>0</posx>
                    <posy>0</posy>
                    <width>1280</width>
                    <height>94</height>
                    <texture background="true">TVGuide-Floor.png</texture>
                    <visible>yes</visible>
               </control>			
			   <control type="group">
				    <visible>Control.HasFocus(200)</visible>
				<control type="label">
					<description>Episode title</description>
					<posx>90</posx>
					<posy>8</posy>
					<width>1040</width>
					<height>40</height>
					<label>$INFO[Container(200).ListItem.Label]</label>
					<scroll>true</scroll>
					<scrollout>false</scrollout>
					<font>font24_title</font>
				</control>
				<control type="label">
					<description>Episode genre</description>
					<posx>1130</posx>
					<posy>8</posy>
					<width>1040</width>
					<height>40</height>
					<align>right</align>
					<label>$INFO[Container(200).ListItem.Property(Genre)]</label>
					<font>font13_title</font>
				</control>
				<control type="label">
					<description>Episode info</description>
					<posx>90</posx>
					<posy>40</posy>
					<width>1040</width>
					<height>25</height>
					<label>[COLOR=FF00C8FA]$INFO[Container(200).ListItem.Property(ShortTime)] - $INFO[Container(200).ListItem.Property(NextDay)][/COLOR] - $INFO[Container(200).ListItem.Property(NextNumber)] - $INFO[Container(200).ListItem.Property(NextTitle)]</label>
					<font>font13_title</font>
					<scroll>true</scroll>
					<scrollout>false</scrollout>
				</control>
				<control type="label">
					<description>Episode network</description>
					<posx>1130</posx>
					<posy>40</posy>
					<width>1040</width>
					<height>25</height>
					<align>right</align>
					<label>$INFO[Container(200).ListItem.Property(Network)]</label>
					<font>font13_title</font>
				</control>
			</control>
			<control type="group">
				<visible>Control.HasFocus(201)</visible>
				<control type="label">
					<description>Episode title</description>
					<posx>90</posx>
					<posy>8</posy>
					<width>1040</width>
					<height>40</height>
					<label>$INFO[Container(201).ListItem.Label]</label>
					<scroll>true</scroll>
					<scrollout>false</scrollout>
					<font>font24_title</font>
				</control>
				<control type="label">
					<description>Episode genre</description>
					<posx>1130</posx>
					<posy>8</posy>
					<width>1040</width>
					<height>40</height>
					<align>right</align>
					<label>$INFO[Container(201).ListItem.Property(Genre)]</label>
					<font>font13_title</font>
				</control>
				<control type="label">
					<description>Episode info</description>
					<posx>90</posx>
					<posy>40</posy>
					<width>1040</width>
					<height>25</height>
					<label>[COLOR=FF00C8FA]$INFO[Container(201).ListItem.Property(ShortTime)] - $INFO[Container(201).ListItem.Property(NextDay)][/COLOR] - $INFO[Container(201).ListItem.Property(NextNumber)] - $INFO[Container(201).ListItem.Property(NextTitle)]</label>
					<font>font13_title</font>
					<scroll>true</scroll>
					<scrollout>false</scrollout>
				</control>
				<control type="label">
					<description>Episode network</description>
					<posx>1130</posx>
					<posy>40</posy>
					<width>1040</width>
					<height>25</height>
					<align>right</align>
					<label>$INFO[Container(201).ListItem.Property(Network)]</label>
					<font>font13_title</font>
				</control>
			</control>
			<control type="group">
				<visible>Control.HasFocus(202)</visible>
				<control type="label">
					<description>Episode title</description>
					<posx>90</posx>
					<posy>8</posy>
					<width>1040</width>
					<height>40</height>
					<label>$INFO[Container(202).ListItem.Label]</label>
					<scroll>true</scroll>
					<scrollout>false</scrollout>
					<font>font24_title</font>
				</control>
				<control type="label">
					<description>Episode genre</description>
					<posx>1130</posx>
					<posy>8</posy>
					<width>1040</width>
					<height>40</height>
					<align>right</align>
					<label>$INFO[Container(202).ListItem.Property(Genre)]</label>
					<font>font13_title</font>
				</control>
				<control type="label">
					<description>Episode info</description>
					<posx>90</posx>
					<posy>40</posy>
					<width>1040</width>
					<height>25</height>
					<label>[COLOR=FF00C8FA]$INFO[Container(202).ListItem.Property(ShortTime)] - $INFO[Container(202).ListItem.Property(NextDay)][/COLOR] - $INFO[Container(202).ListItem.Property(NextNumber)] - $INFO[Container(202).ListItem.Property(NextTitle)]</label>
					<font>font13_title</font>
					<scroll>true</scroll>
					<scrollout>false</scrollout>
				</control>
				<control type="label">
					<description>Episode network</description>
					<posx>1130</posx>
					<posy>40</posy>
					<width>1040</width>
					<height>25</height>
					<align>right</align>
					<label>$INFO[Container(202).ListItem.Property(Network)]</label>
					<font>font13_title</font>
				</control>
			</control>
			<control type="group">
				<visible>Control.HasFocus(203)</visible>
				<control type="label">
					<description>Episode title</description>
					<posx>90</posx>
					<posy>8</posy>
					<width>1040</width>
					<height>40</height>
					<label>$INFO[Container(203).ListItem.Label]</label>
					<scroll>true</scroll>
					<scrollout>false</scrollout>
					<font>font24_title</font>
				</control>
				<control type="label">
					<description>Episode genre</description>
					<posx>1130</posx>
					<posy>8</posy>
					<width>1040</width>
					<height>40</height>
					<align>right</align>
					<label>$INFO[Container(203).ListItem.Property(Genre)]</label>
					<font>font13_title</font>
				</control>
				<control type="label">
					<description>Episode info</description>
					<posx>90</posx>
					<posy>40</posy>
					<width>1040</width>
					<height>25</height>
					<label>[COLOR=FF00C8FA]$INFO[Container(203).ListItem.Property(ShortTime)] - $INFO[Container(203).ListItem.Property(NextDay)][/COLOR] - $INFO[Container(203).ListItem.Property(NextNumber)] - $INFO[Container(203).ListItem.Property(NextTitle)]</label>
					<font>font13_title</font>
					<scroll>true</scroll>
					<scrollout>false</scrollout>
				</control>
				<control type="label">
					<description>Episode network</description>
					<posx>1130</posx>
					<posy>40</posy>
					<width>1040</width>
					<height>25</height>
					<align>right</align>
					<label>$INFO[Container(203).ListItem.Property(Network)]</label>
					<font>font13_title</font>
				</control>
			</control>
			<control type="group">
				<visible>Control.HasFocus(204)</visible>
				<control type="label">
					<description>Episode title</description>
					<posx>90</posx>
					<posy>8</posy>
					<width>1040</width>
					<height>40</height>
					<label>$INFO[Container(204).ListItem.Label]</label>
					<scroll>true</scroll>
					<scrollout>false</scrollout>
					<font>font24_title</font>
				</control>
				<control type="label">
					<description>Episode genre</description>
					<posx>1130</posx>
					<posy>8</posy>
					<width>1040</width>
					<height>40</height>
					<align>right</align>
					<label>$INFO[Container(204).ListItem.Property(Genre)]</label>
					<font>font13_title</font>
				</control>
				<control type="label">
					<description>Episode info</description>
					<posx>90</posx>
					<posy>40</posy>
					<width>1040</width>
					<height>25</height>
					<label>[COLOR=FF00C8FA]$INFO[Container(204).ListItem.Property(ShortTime)] - $INFO[Container(204).ListItem.Property(NextDay)][/COLOR] - $INFO[Container(204).ListItem.Property(NextNumber)] - $INFO[Container(204).ListItem.Property(NextTitle)]</label>
					<font>font13_title</font>
					<scroll>true</scroll>
					<scrollout>false</scrollout>
				</control>
				<control type="label">
					<description>Episode network</description>
					<posx>1130</posx>
					<posy>40</posy>
					<width>1040</width>
					<height>25</height>
					<align>right</align>
					<label>$INFO[Container(204).ListItem.Property(Network)]</label>
					<font>font13_title</font>
				</control>
			</control>
			<control type="group">
				<visible>Control.HasFocus(205)</visible>
				<control type="label">
					<description>Episode title</description>
					<posx>90</posx>
					<posy>8</posy>
					<width>1040</width>
					<height>40</height>
					<label>$INFO[Container(205).ListItem.Label]</label>
					<scroll>true</scroll>
					<scrollout>false</scrollout>
					<font>font24_title</font>
				</control>
				<control type="label">
					<description>Episode genre</description>
					<posx>1130</posx>
					<posy>8</posy>
					<width>1040</width>
					<height>40</height>
					<align>right</align>
					<label>$INFO[Container(205).ListItem.Property(Genre)]</label>
					<font>font13_title</font>
				</control>
				<control type="label">
					<description>Episode info</description>
					<posx>90</posx>
					<posy>40</posy>
					<width>1040</width>
					<height>25</height>
					<label>[COLOR=FF00C8FA]$INFO[Container(205).ListItem.Property(ShortTime)] - $INFO[Container(205).ListItem.Property(NextDay)][/COLOR] - $INFO[Container(205).ListItem.Property(NextNumber)] - $INFO[Container(205).ListItem.Property(NextTitle)]</label>
					<font>font13_title</font>
					<scroll>true</scroll>
					<scrollout>false</scrollout>
				</control>
				<control type="label">
					<description>Episode network</description>
					<posx>1130</posx>
					<posy>40</posy>
					<width>1040</width>
					<height>25</height>
					<align>right</align>
					<label>$INFO[Container(205).ListItem.Property(Network)]</label>
					<font>font13_title</font>
				</control>
			</control>
			<control type="group">
				<visible>Control.HasFocus(206)</visible>
				<control type="label">
					<description>Episode title</description>
					<posx>90</posx>
					<posy>8</posy>
					<width>1040</width>
					<height>40</height>
					<label>$INFO[Container(206).ListItem.Label]</label>
					<scroll>true</scroll>
					<scrollout>false</scrollout>
					<font>font24_title</font>
				</control>
				<control type="label">
					<description>Episode genre</description>
					<posx>1130</posx>
					<posy>8</posy>
					<width>1040</width>
					<height>40</height>
					<align>right</align>
					<label>$INFO[Container(206).ListItem.Property(Genre)]</label>
					<font>font13_title</font>
				</control>
				<control type="label">
					<description>Episode info</description>
					<posx>90</posx>
					<posy>40</posy>
					<width>1040</width>
					<height>25</height>
					<label>[COLOR=FF00C8FA]$INFO[Container(206).ListItem.Property(ShortTime)] - $INFO[Container(206).ListItem.Property(NextDay)][/COLOR] - $INFO[Container(206).ListItem.Property(NextNumber)] - $INFO[Container(206).ListItem.Property(NextTitle)]</label>
					<font>font13_title</font>
					<scroll>true</scroll>
					<scrollout>false</scrollout>
				</control>
				<control type="label">
					<description>Episode network</description>
					<posx>1130</posx>
					<posy>40</posy>
					<width>1040</width>
					<height>25</height>
					<align>right</align>
					<label>$INFO[Container(206).ListItem.Property(Network)]</label>
					<font>font13_title</font>
				</control>
			</control>
		</control>
		<control type="grouplist" id="2000">
			<posx>39</posx>
			<posy>60</posy>
			<width>1203</width>
			<height>660</height>
			<orientation>horizontal</orientation>
			<align>center</align>
			<itemgap>2</itemgap>
			<control type="group">
				<description>Monday</description>
				<visible>!String.IsEqual(Window(Home).Property(NextAired.200.Wday),)</visible>
				<width>170</width>
				<height>655</height>
				<control type="image">
					<description>Bg</description>
					<posx>0</posx>
					<posy>13</posy>
					<width>170</width>
					<height>20</height>
					<aspectratio>stretch</aspectratio>
					<texture background="true">TVGuide-TopDays.png</texture>
				</control>
				<control type="label">
					<posx>0</posx>
					<posy>13</posy>
					<width>170</width>
					<height>20</height>
					<label>$INFO[Window(Home).Property(NextAired.200.Weekday)]</label>
					<align>center</align>
					<aligny>center</aligny>
					<font>font13_title</font>
					<textcolor>FF000000</textcolor>
				</control>
				<control type="panel" id="200">
					<posx>0</posx>
					<posy>33</posy>
					<width>170</width>
					<height>627</height>
					<scrolltime>200</scrolltime>
					<onup>200</onup>
					<ondown>200</ondown>
					<onleft>9000</onleft>
					<onright>201</onright>
					<itemlayout height="100" width="170">
						<control type="image">
							<description>Bg</description>
							<posx>0</posx>
							<posy>0</posy>
							<width>170</width>
							<height>100</height>
							<texture background="true">TVGuide-CalDay.png</texture>
							<visible>!ListItem.Property(SecondWeek)</visible>
						</control>
						<control type="image">
							<description>Bg</description>
							<posx>0</posx>
							<posy>0</posy>
							<width>170</width>
							<height>100</height>
							<texture background="true">TVGuide-CalDay-Week2.png</texture>
							<visible>ListItem.Property(SecondWeek)</visible>
						</control>
						<control type="group">
						    <posx>0</posx>
						    <posy>0</posy>
						    <width>170</width>
						    <height>100</height>
						    <control type="image">
							<description>Poster</description>
							<posx>1</posx>
							<posy>3</posy>
							<width>63</width>
							<height>94</height>
							<aspectratio>keep</aspectratio>
							<texture background="true">$INFO[ListItem.Property(Art(poster))]</texture>
						    </control>
						    <control type="label">
							<posx>63</posx>
							<posy>15</posy>
							<width>104</width>
							<height>90</height>
							<label>[COLOR=FF00C8FA]$INFO[ListItem.Property(ShortTime)][CR]$INFO[ListItem.Property(NextDay)][/COLOR][CR]$INFO[ListItem.Property(NextNumber)][CR][COLOR=FF888888]$INFO[ListItem.Property(Runtime),, $LOCALIZE[12391]][/COLOR]</label>
							<align>right</align>
							<font>font10</font>
							<textcolor>FFFFFFFF</textcolor>
						    </control>
						    <visible>String.IsEqual(Window(Home).Property(TVGuide.ThumbType),0)</visible>
						</control>
						<control type="group">
						    <posx>0</posx>
						    <posy>0</posy>
						    <width>170</width>
						    <height>100</height>
						    <control type="image">
							<description>Banner</description>
							<posx>2</posx>
							<posy>3</posy>
							<width>166</width>
							<height>34</height>
							<aspectratio>keep</aspectratio>
							<texture background="true">$INFO[ListItem.Property(Art(banner))]</texture>
						    </control>
						    <control type="label">
							<posx>5</posx>
							<posy>35</posy>
							<width>160</width>
							<height>40</height>
							<label>[COLOR=FF00C8FA]$INFO[ListItem.Property(ShortTime)] - $INFO[ListItem.Property(NextDay)][/COLOR][CR]$INFO[ListItem.Property(NextNumber)]  [COLOR=FF888888]($INFO[ListItem.Property(Runtime),, $LOCALIZE[12391]])[/COLOR]</label>
							<align>left</align>
							<font>font10</font>
							<textcolor>FFFFFFFF</textcolor>
						    </control>
						    <control type="label">
							<posx>5</posx>
							<posy>75</posy>
							<width>160</width>
							<height>20</height>
							<label>$INFO[ListItem.Property(NextTitle)]</label>
							<align>left</align>
							<aligny>bottom</aligny>
							<font>font10</font>
							<textcolor>FFFFFFFF</textcolor>
						    </control>
						    <visible>String.IsEqual(Window(Home).Property(TVGuide.ThumbType),1)</visible>
						</control>
						<control type="group">
						    <posx>0</posx>
						    <posy>0</posy>
						    <width>170</width>
						    <height>100</height>
						    <control type="image">
							<description>Logo</description>
							<posx>1</posx>
							<posy>2</posy>
							<width>168</width>
							<height>66</height>
							<aspectratio>keep</aspectratio>
							<texture background="true">$INFO[ListItem.Property(Art(clearlogo))]</texture>
						    </control>
						    <control type="label">
							<posx>2</posx>
							<posy>70</posy>
							<width>166</width>
							<height>30</height>
							<label>$INFO[ListItem.Property(ShortTime)]</label>
							<textcolor>FF00C8FA</textcolor>
							<visible>!ListItem.Property(SecondWeek)</visible>
							<align>left</align>
							<font>font10</font>
						    </control>
						    <control type="label">
							<posx>2</posx>
							<posy>70</posy>
							<width>166</width>
							<height>30</height>
							<label>$INFO[ListItem.Property(NextDay)]</label>
							<textcolor>FF00C8FA</textcolor>
							<visible>ListItem.Property(SecondWeek)</visible>
							<align>left</align>
							<font>font10</font>
						    </control>
						    <control type="label">
							<posx>70</posx>
							<posy>70</posy>
							<width>88</width>
							<height>30</height>
							<label>$INFO[ListItem.Property(NextNumber)]</label>
							<align>right</align>
							<font>font10</font>
						    </control>
						    <visible>String.IsEqual(Window(Home).Property(TVGuide.ThumbType),2)</visible>
						</control>
					</itemlayout>
					<focusedlayout height="100" width="170">
						<control type="image">
							<description>Bg</description>
							<posx>0</posx>
							<posy>0</posy>
							<width>170</width>
							<height>100</height>
							<texture background="true">TVGuide-CalDay-Focus.png</texture>
							<visible>yes</visible>
						</control>
						<control type="group">
						    <posx>0</posx>
						    <posy>0</posy>
						    <width>170</width>
						    <height>100</height>
						    <control type="image">
							<description>Poster</description>
							<posx>1</posx>
							<posy>3</posy>
							<width>63</width>
							<height>94</height>
							<aspectratio>keep</aspectratio>
							<texture background="true">$INFO[ListItem.Property(Art(poster))]</texture>
						    </control>
						    <control type="label">
							<posx>63</posx>
							<posy>15</posy>
							<width>104</width>
							<height>90</height>
							<label>[COLOR=FF00C8FA]$INFO[ListItem.Property(ShortTime)][CR]$INFO[ListItem.Property(NextDay)][/COLOR][CR]$INFO[ListItem.Property(NextNumber)][CR][COLOR=FF888888]$INFO[ListItem.Property(Runtime),, $LOCALIZE[12391]][/COLOR]</label>
							<align>right</align>
							<font>font10</font>
							<textcolor>FFFFFFFF</textcolor>
						    </control>
						    <visible>String.IsEqual(Window(Home).Property(TVGuide.ThumbType),0)</visible>
						</control>
						<control type="group">
						    <posx>0</posx>
						    <posy>0</posy>
						    <width>170</width>
						    <height>100</height>
						    <control type="image">
							<description>Banner</description>
							<posx>2</posx>
							<posy>3</posy>
							<width>166</width>
							<height>34</height>
							<aspectratio>keep</aspectratio>
							<texture background="true">$INFO[ListItem.Property(Art(banner))]</texture>
						    </control>
						    <control type="label">
							<posx>5</posx>
							<posy>35</posy>
							<width>160</width>
							<height>40</height>
							<label>[COLOR=FF00C8FA]$INFO[ListItem.Property(ShortTime)] - $INFO[ListItem.Property(NextDay)][/COLOR][CR]$INFO[ListItem.Property(NextNumber)]  [COLOR=FF888888]($INFO[ListItem.Property(Runtime),, $LOCALIZE[12391]])[/COLOR]</label>
							<align>left</align>
							<font>font10</font>
							<textcolor>FFFFFFFF</textcolor>
						    </control>
						    <control type="label">
							<posx>5</posx>
							<posy>75</posy>
							<width>160</width>
							<height>20</height>
							<label>$INFO[ListItem.Property(NextTitle)]</label>
							<align>left</align>
							<aligny>bottom</aligny>
							<font>font10</font>
							<textcolor>FFFFFFFF</textcolor>
						    </control>
						    <visible>String.IsEqual(Window(Home).Property(TVGuide.ThumbType),1)</visible>
						</control>
						<control type="group">
						    <posx>0</posx>
						    <posy>0</posy>
						    <width>170</width>
						    <height>100</height>
						    <control type="image">
							<description>Logo</description>
							<posx>1</posx>
							<posy>2</posy>
							<width>168</width>
							<height>66</height>
							<aspectratio>keep</aspectratio>
							<texture background="true">$INFO[ListItem.Property(Art(clearlogo))]</texture>
						    </control>
						    <control type="label">
							<posx>2</posx>
							<posy>70</posy>
							<width>166</width>
							<height>30</height>
							<label>$INFO[ListItem.Property(ShortTime)]</label>
							<textcolor>FF00C8FA</textcolor>
							<visible>!ListItem.Property(SecondWeek)</visible>
							<align>left</align>
							<font>font10</font>
						    </control>
						    <control type="label">
							<posx>2</posx>
							<posy>70</posy>
							<width>166</width>
							<height>30</height>
							<label>$INFO[ListItem.Property(NextDay)]</label>
							<textcolor>FF00C8FA</textcolor>
							<visible>ListItem.Property(SecondWeek)</visible>
							<align>left</align>
							<font>font10</font>
						    </control>
						    <control type="label">
							<posx>70</posx>
							<posy>70</posy>
							<width>88</width>
							<height>30</height>
							<label>$INFO[ListItem.Property(NextNumber)]</label>
							<align>right</align>
							<font>font10</font>
						    </control>
						    <visible>String.IsEqual(Window(Home).Property(TVGuide.ThumbType),2)</visible>
						</control>
					</focusedlayout>
				</control>
			</control>
			<control type="group">
				<description>Tuesday</description>
				<visible>!String.IsEqual(Window(Home).Property(NextAired.201.Wday),)</visible>
				<width>170</width>
				<height>655</height>
				<control type="image">
					<description>Bg</description>
					<posx>0</posx>
					<posy>13</posy>
					<width>170</width>
					<height>20</height>
					<aspectratio>stretch</aspectratio>
					<texture background="true">TVGuide-TopDays.png</texture>
				</control>
				<control type="label">
					<posx>0</posx>
					<posy>13</posy>
					<width>170</width>
					<height>20</height>
					<label>$INFO[Window(Home).Property(NextAired.201.Weekday)]</label>
					<align>center</align>
					<aligny>center</aligny>
					<font>font13_title</font>
					<textcolor>FF000000</textcolor>
				</control>
				<control type="panel" id="201">
					<posx>0</posx>
					<posy>33</posy>
					<width>170</width>
					<height>627</height>
					<scrolltime>200</scrolltime>
					<onup>201</onup>
					<ondown>201</ondown>
					<onleft>200</onleft>
					<onright>202</onright>
					<itemlayout height="100" width="170">
						<control type="image">
							<description>Bg</description>
							<posx>0</posx>
							<posy>0</posy>
							<width>170</width>
							<height>100</height>
							<texture background="true">TVGuide-CalDay.png</texture>
							<visible>!ListItem.Property(SecondWeek)</visible>
						</control>
						<control type="image">
							<description>Bg</description>
							<posx>0</posx>
							<posy>0</posy>
							<width>170</width>
							<height>100</height>
							<texture background="true">TVGuide-CalDay-Week2.png</texture>
							<visible>ListItem.Property(SecondWeek)</visible>
						</control>
						<control type="group">
						    <posx>0</posx>
						    <posy>0</posy>
						    <width>170</width>
						    <height>100</height>
						    <control type="image">
							<description>Poster</description>
							<posx>1</posx>
							<posy>3</posy>
							<width>63</width>
							<height>94</height>
							<aspectratio>keep</aspectratio>
							<texture background="true">$INFO[ListItem.Property(Art(poster))]</texture>
						    </control>
						    <control type="label">
							<posx>63</posx>
							<posy>15</posy>
							<width>104</width>
							<height>90</height>
							<label>[COLOR=FF00C8FA]$INFO[ListItem.Property(ShortTime)][CR]$INFO[ListItem.Property(NextDay)][/COLOR][CR]$INFO[ListItem.Property(NextNumber)][CR][COLOR=FF888888]$INFO[ListItem.Property(Runtime),, $LOCALIZE[12391]][/COLOR]</label>
							<align>right</align>
							<font>font10</font>
							<textcolor>FFFFFFFF</textcolor>
						    </control>
						    <visible>String.IsEqual(Window(Home).Property(TVGuide.ThumbType),0)</visible>
						</control>
						<control type="group">
						    <posx>0</posx>
						    <posy>0</posy>
						    <width>170</width>
						    <height>100</height>
						    <control type="image">
							<description>Banner</description>
							<posx>2</posx>
							<posy>3</posy>
							<width>166</width>
							<height>34</height>
							<aspectratio>keep</aspectratio>
							<texture background="true">$INFO[ListItem.Property(Art(banner))]</texture>
						    </control>
						    <control type="label">
							<posx>5</posx>
							<posy>35</posy>
							<width>160</width>
							<height>40</height>
							<label>[COLOR=FF00C8FA]$INFO[ListItem.Property(ShortTime)] - $INFO[ListItem.Property(NextDay)][/COLOR][CR]$INFO[ListItem.Property(NextNumber)]  [COLOR=FF888888]($INFO[ListItem.Property(Runtime),, $LOCALIZE[12391]])[/COLOR]</label>
							<align>left</align>
							<font>font10</font>
							<textcolor>FFFFFFFF</textcolor>
						    </control>
						    <control type="label">
							<posx>5</posx>
							<posy>75</posy>
							<width>160</width>
							<height>20</height>
							<label>$INFO[ListItem.Property(NextTitle)]</label>
							<align>left</align>
							<aligny>bottom</aligny>
							<font>font10</font>
							<textcolor>FFFFFFFF</textcolor>
						    </control>
						    <visible>String.IsEqual(Window(Home).Property(TVGuide.ThumbType),1)</visible>
						</control>
						<control type="group">
						    <posx>0</posx>
						    <posy>0</posy>
						    <width>170</width>
						    <height>100</height>
						    <control type="image">
							<description>Logo</description>
							<posx>1</posx>
							<posy>2</posy>
							<width>168</width>
							<height>66</height>
							<aspectratio>keep</aspectratio>
							<texture background="true">$INFO[ListItem.Property(Art(clearlogo))]</texture>
						    </control>
						    <control type="label">
							<posx>2</posx>
							<posy>70</posy>
							<width>166</width>
							<height>30</height>
							<label>$INFO[ListItem.Property(ShortTime)]</label>
							<textcolor>FF00C8FA</textcolor>
							<visible>!ListItem.Property(SecondWeek)</visible>
							<align>left</align>
							<font>font10</font>
						    </control>
						    <control type="label">
							<posx>2</posx>
							<posy>70</posy>
							<width>166</width>
							<height>30</height>
							<label>$INFO[ListItem.Property(NextDay)]</label>
							<textcolor>FF00C8FA</textcolor>
							<visible>ListItem.Property(SecondWeek)</visible>
							<align>left</align>
							<font>font10</font>
						    </control>
						    <control type="label">
							<posx>70</posx>
							<posy>70</posy>
							<width>88</width>
							<height>30</height>
							<label>$INFO[ListItem.Property(NextNumber)]</label>
							<align>right</align>
							<font>font10</font>
						    </control>
						    <visible>String.IsEqual(Window(Home).Property(TVGuide.ThumbType),2)</visible>
						</control>
					</itemlayout>
					<focusedlayout height="100" width="170">
						<control type="image">
							<description>Bg</description>
							<posx>0</posx>
							<posy>0</posy>
							<width>170</width>
							<height>100</height>
							<texture background="true">TVGuide-CalDay-Focus.png</texture>
							<visible>yes</visible>
						</control>
						<control type="group">
						    <posx>0</posx>
						    <posy>0</posy>
						    <width>170</width>
						    <height>100</height>
						    <control type="image">
							<description>Poster</description>
							<posx>1</posx>
							<posy>3</posy>
							<width>63</width>
							<height>94</height>
							<aspectratio>keep</aspectratio>
							<texture background="true">$INFO[ListItem.Property(Art(poster))]</texture>
						    </control>
						    <control type="label">
							<posx>63</posx>
							<posy>15</posy>
							<width>104</width>
							<height>90</height>
							<label>[COLOR=FF00C8FA]$INFO[ListItem.Property(ShortTime)][CR]$INFO[ListItem.Property(NextDay)][/COLOR][CR]$INFO[ListItem.Property(NextNumber)][CR][COLOR=FF888888]$INFO[ListItem.Property(Runtime),, $LOCALIZE[12391]][/COLOR]</label>
							<align>right</align>
							<font>font10</font>
							<textcolor>FFFFFFFF</textcolor>
						    </control>
						    <visible>String.IsEqual(Window(Home).Property(TVGuide.ThumbType),0)</visible>
						</control>
						<control type="group">
						    <posx>0</posx>
						    <posy>0</posy>
						    <width>170</width>
						    <height>100</height>
						    <control type="image">
							<description>Banner</description>
							<posx>2</posx>
							<posy>3</posy>
							<width>166</width>
							<height>34</height>
							<aspectratio>keep</aspectratio>
							<texture background="true">$INFO[ListItem.Property(Art(banner))]</texture>
						    </control>
						    <control type="label">
							<posx>5</posx>
							<posy>35</posy>
							<width>160</width>
							<height>40</height>
							<label>[COLOR=FF00C8FA]$INFO[ListItem.Property(ShortTime)] - $INFO[ListItem.Property(NextDay)][/COLOR][CR]$INFO[ListItem.Property(NextNumber)]  [COLOR=FF888888]($INFO[ListItem.Property(Runtime),, $LOCALIZE[12391]])[/COLOR]</label>
							<align>left</align>
							<font>font10</font>
							<textcolor>FFFFFFFF</textcolor>
						    </control>
						    <control type="label">
							<posx>5</posx>
							<posy>75</posy>
							<width>160</width>
							<height>20</height>
							<label>$INFO[ListItem.Property(NextTitle)]</label>
							<align>left</align>
							<aligny>bottom</aligny>
							<font>font10</font>
							<textcolor>FFFFFFFF</textcolor>
						    </control>
						    <visible>String.IsEqual(Window(Home).Property(TVGuide.ThumbType),1)</visible>
						</control>
						<control type="group">
						    <posx>0</posx>
						    <posy>0</posy>
						    <width>170</width>
						    <height>100</height>
						    <control type="image">
							<description>Logo</description>
							<posx>1</posx>
							<posy>2</posy>
							<width>168</width>
							<height>66</height>
							<aspectratio>keep</aspectratio>
							<texture background="true">$INFO[ListItem.Property(Art(clearlogo))]</texture>
						    </control>
						    <control type="label">
							<posx>2</posx>
							<posy>70</posy>
							<width>166</width>
							<height>30</height>
							<label>$INFO[ListItem.Property(ShortTime)]</label>
							<textcolor>FF00C8FA</textcolor>
							<visible>!ListItem.Property(SecondWeek)</visible>
							<align>left</align>
							<font>font10</font>
						    </control>
						    <control type="label">
							<posx>2</posx>
							<posy>70</posy>
							<width>166</width>
							<height>30</height>
							<label>$INFO[ListItem.Property(NextDay)]</label>
							<textcolor>FF00C8FA</textcolor>
							<visible>ListItem.Property(SecondWeek)</visible>
							<align>left</align>
							<font>font10</font>
						    </control>
						    <control type="label">
							<posx>70</posx>
							<posy>70</posy>
							<width>88</width>
							<height>30</height>
							<label>$INFO[ListItem.Property(NextNumber)]</label>
							<align>right</align>
							<font>font10</font>
						    </control>
						    <visible>String.IsEqual(Window(Home).Property(TVGuide.ThumbType),2)</visible>
						</control>
					</focusedlayout>
				</control>
			</control>
			<control type="group">
				<description>Wednesday</description>
				<visible>!String.IsEqual(Window(Home).Property(NextAired.202.Wday),)</visible>
				<width>170</width>
				<height>655</height>
				<control type="image">
					<description>Bg</description>
					<posx>0</posx>
					<posy>13</posy>
					<width>170</width>
					<height>20</height>
					<aspectratio>stretch</aspectratio>
					<texture background="true">TVGuide-TopDays.png</texture>
				</control>
				<control type="label">
					<posx>0</posx>
					<posy>13</posy>
					<width>170</width>
					<height>20</height>
					<label>$INFO[Window(Home).Property(NextAired.202.Weekday)]</label>
					<align>center</align>
					<aligny>center</aligny>
					<font>font13_title</font>
					<textcolor>FF000000</textcolor>
				</control>
				<control type="panel" id="202">
					<posx>0</posx>
					<posy>33</posy>
					<width>170</width>
					<height>627</height>
					<scrolltime>200</scrolltime>
					<onup>202</onup>
					<ondown>202</ondown>
					<onleft>201</onleft>
					<onright>203</onright>
					<itemlayout height="100" width="170">
						<control type="image">
							<description>Bg</description>
							<posx>0</posx>
							<posy>0</posy>
							<width>170</width>
							<height>100</height>
							<texture background="true">TVGuide-CalDay.png</texture>
							<visible>!ListItem.Property(SecondWeek)</visible>
						</control>
						<control type="image">
							<description>Bg</description>
							<posx>0</posx>
							<posy>0</posy>
							<width>170</width>
							<height>100</height>
							<texture background="true">TVGuide-CalDay-Week2.png</texture>
							<visible>ListItem.Property(SecondWeek)</visible>
						</control>
						<control type="group">
						    <posx>0</posx>
						    <posy>0</posy>
						    <width>170</width>
						    <height>100</height>
						    <control type="image">
							<description>Poster</description>
							<posx>1</posx>
							<posy>3</posy>
							<width>63</width>
							<height>94</height>
							<aspectratio>keep</aspectratio>
							<texture background="true">$INFO[ListItem.Property(Art(poster))]</texture>
						    </control>
						    <control type="label">
							<posx>63</posx>
							<posy>15</posy>
							<width>104</width>
							<height>90</height>
							<label>[COLOR=FF00C8FA]$INFO[ListItem.Property(ShortTime)][CR]$INFO[ListItem.Property(NextDay)][/COLOR][CR]$INFO[ListItem.Property(NextNumber)][CR][COLOR=FF888888]$INFO[ListItem.Property(Runtime),, $LOCALIZE[12391]][/COLOR]</label>
							<align>right</align>
							<font>font10</font>
							<textcolor>FFFFFFFF</textcolor>
						    </control>
						    <visible>String.IsEqual(Window(Home).Property(TVGuide.ThumbType),0)</visible>
						</control>
						<control type="group">
						    <posx>0</posx>
						    <posy>0</posy>
						    <width>170</width>
						    <height>100</height>
						    <control type="image">
							<description>Banner</description>
							<posx>2</posx>
							<posy>3</posy>
							<width>166</width>
							<height>34</height>
							<aspectratio>keep</aspectratio>
							<texture background="true">$INFO[ListItem.Property(Art(banner))]</texture>
						    </control>
						    <control type="label">
							<posx>5</posx>
							<posy>35</posy>
							<width>160</width>
							<height>40</height>
							<label>[COLOR=FF00C8FA]$INFO[ListItem.Property(ShortTime)] - $INFO[ListItem.Property(NextDay)][/COLOR][CR]$INFO[ListItem.Property(NextNumber)]  [COLOR=FF888888]($INFO[ListItem.Property(Runtime),, $LOCALIZE[12391]])[/COLOR]</label>
							<align>left</align>
							<font>font10</font>
							<textcolor>FFFFFFFF</textcolor>
						    </control>
						    <control type="label">
							<posx>5</posx>
							<posy>75</posy>
							<width>160</width>
							<height>20</height>
							<label>$INFO[ListItem.Property(NextTitle)]</label>
							<align>left</align>
							<aligny>bottom</aligny>
							<font>font10</font>
							<textcolor>FFFFFFFF</textcolor>
						    </control>
						    <visible>String.IsEqual(Window(Home).Property(TVGuide.ThumbType),1)</visible>
						</control>
						<control type="group">
						    <posx>0</posx>
						    <posy>0</posy>
						    <width>170</width>
						    <height>100</height>
						    <control type="image">
							<description>Logo</description>
							<posx>1</posx>
							<posy>2</posy>
							<width>168</width>
							<height>66</height>
							<aspectratio>keep</aspectratio>
							<texture background="true">$INFO[ListItem.Property(Art(clearlogo))]</texture>
						    </control>
						    <control type="label">
							<posx>2</posx>
							<posy>70</posy>
							<width>166</width>
							<height>30</height>
							<label>$INFO[ListItem.Property(ShortTime)]</label>
							<textcolor>FF00C8FA</textcolor>
							<visible>!ListItem.Property(SecondWeek)</visible>
							<align>left</align>
							<font>font10</font>
						    </control>
						    <control type="label">
							<posx>2</posx>
							<posy>70</posy>
							<width>166</width>
							<height>30</height>
							<label>$INFO[ListItem.Property(NextDay)]</label>
							<textcolor>FF00C8FA</textcolor>
							<visible>ListItem.Property(SecondWeek)</visible>
							<align>left</align>
							<font>font10</font>
						    </control>
						    <control type="label">
							<posx>70</posx>
							<posy>70</posy>
							<width>88</width>
							<height>30</height>
							<label>$INFO[ListItem.Property(NextNumber)]</label>
							<align>right</align>
							<font>font10</font>
						    </control>
						    <visible>String.IsEqual(Window(Home).Property(TVGuide.ThumbType),2)</visible>
						</control>
					</itemlayout>
					<focusedlayout height="100" width="170">
						<control type="image">
							<description>Bg</description>
							<posx>0</posx>
							<posy>0</posy>
							<width>170</width>
							<height>100</height>
							<texture background="true">TVGuide-CalDay-Focus.png</texture>
							<visible>yes</visible>
						</control>
						<control type="group">
						    <posx>0</posx>
						    <posy>0</posy>
						    <width>170</width>
						    <height>100</height>
						    <control type="image">
							<description>Poster</description>
							<posx>1</posx>
							<posy>3</posy>
							<width>63</width>
							<height>94</height>
							<aspectratio>keep</aspectratio>
							<texture background="true">$INFO[ListItem.Property(Art(poster))]</texture>
						    </control>
						    <control type="label">
							<posx>63</posx>
							<posy>15</posy>
							<width>104</width>
							<height>90</height>
							<label>[COLOR=FF00C8FA]$INFO[ListItem.Property(ShortTime)][CR]$INFO[ListItem.Property(NextDay)][/COLOR][CR]$INFO[ListItem.Property(NextNumber)][CR][COLOR=FF888888]$INFO[ListItem.Property(Runtime),, $LOCALIZE[12391]][/COLOR]</label>
							<align>right</align>
							<font>font10</font>
							<textcolor>FFFFFFFF</textcolor>
						    </control>
						    <visible>String.IsEqual(Window(Home).Property(TVGuide.ThumbType),0)</visible>
						</control>
						<control type="group">
						    <posx>0</posx>
						    <posy>0</posy>
						    <width>170</width>
						    <height>100</height>
						    <control type="image">
							<description>Banner</description>
							<posx>2</posx>
							<posy>3</posy>
							<width>166</width>
							<height>34</height>
							<aspectratio>keep</aspectratio>
							<texture background="true">$INFO[ListItem.Property(Art(banner))]</texture>
						    </control>
						    <control type="label">
							<posx>5</posx>
							<posy>35</posy>
							<width>160</width>
							<height>40</height>
							<label>[COLOR=FF00C8FA]$INFO[ListItem.Property(ShortTime)] - $INFO[ListItem.Property(NextDay)][/COLOR][CR]$INFO[ListItem.Property(NextNumber)]  [COLOR=FF888888]($INFO[ListItem.Property(Runtime),, $LOCALIZE[12391]])[/COLOR]</label>
							<align>left</align>
							<font>font10</font>
							<textcolor>FFFFFFFF</textcolor>
						    </control>
						    <control type="label">
							<posx>5</posx>
							<posy>75</posy>
							<width>160</width>
							<height>20</height>
							<label>$INFO[ListItem.Property(NextTitle)]</label>
							<align>left</align>
							<aligny>bottom</aligny>
							<font>font10</font>
							<textcolor>FFFFFFFF</textcolor>
						    </control>
						    <visible>String.IsEqual(Window(Home).Property(TVGuide.ThumbType),1)</visible>
						</control>
						<control type="group">
						    <posx>0</posx>
						    <posy>0</posy>
						    <width>170</width>
						    <height>100</height>
						    <control type="image">
							<description>Logo</description>
							<posx>1</posx>
							<posy>2</posy>
							<width>168</width>
							<height>66</height>
							<aspectratio>keep</aspectratio>
							<texture background="true">$INFO[ListItem.Property(Art(clearlogo))]</texture>
						    </control>
						    <control type="label">
							<posx>2</posx>
							<posy>70</posy>
							<width>166</width>
							<height>30</height>
							<label>$INFO[ListItem.Property(ShortTime)]</label>
							<textcolor>FF00C8FA</textcolor>
							<visible>!ListItem.Property(SecondWeek)</visible>
							<align>left</align>
							<font>font10</font>
						    </control>
						    <control type="label">
							<posx>2</posx>
							<posy>70</posy>
							<width>166</width>
							<height>30</height>
							<label>$INFO[ListItem.Property(NextDay)]</label>
							<textcolor>FF00C8FA</textcolor>
							<visible>ListItem.Property(SecondWeek)</visible>
							<align>left</align>
							<font>font10</font>
						    </control>
						    <control type="label">
							<posx>70</posx>
							<posy>70</posy>
							<width>88</width>
							<height>30</height>
							<label>$INFO[ListItem.Property(NextNumber)]</label>
							<align>right</align>
							<font>font10</font>
						    </control>
						    <visible>String.IsEqual(Window(Home).Property(TVGuide.ThumbType),2)</visible>
						</control>
					</focusedlayout>
				</control>
			</control>
			<control type="group">
				<description>Thursday</description>
				<visible>!String.IsEqual(Window(Home).Property(NextAired.203.Wday),)</visible>
				<width>170</width>
				<height>655</height>
				<control type="image">
					<description>Bg</description>
					<posx>0</posx>
					<posy>13</posy>
					<width>170</width>
					<height>20</height>
					<aspectratio>stretch</aspectratio>
					<texture background="true">TVGuide-TopDays.png</texture>
				</control>
				<control type="label">
					<posx>0</posx>
					<posy>13</posy>
					<width>170</width>
					<height>20</height>
					<label>$INFO[Window(Home).Property(NextAired.203.Weekday)]</label>
					<align>center</align>
					<aligny>center</aligny>
					<font>font13_title</font>
					<textcolor>FF000000</textcolor>
				</control>
				<control type="panel" id="203">
					<posx>0</posx>
					<posy>33</posy>
					<width>170</width>
					<height>627</height>
					<scrolltime>200</scrolltime>
					<onup>203</onup>
					<ondown>203</ondown>
					<onleft>202</onleft>
					<onright>204</onright>
					<itemlayout height="100" width="170">
						<control type="image">
							<description>Bg</description>
							<posx>0</posx>
							<posy>0</posy>
							<width>170</width>
							<height>100</height>
							<texture background="true">TVGuide-CalDay.png</texture>
							<visible>!ListItem.Property(SecondWeek)</visible>
						</control>
						<control type="image">
							<description>Bg</description>
							<posx>0</posx>
							<posy>0</posy>
							<width>170</width>
							<height>100</height>
							<texture background="true">TVGuide-CalDay-Week2.png</texture>
							<visible>ListItem.Property(SecondWeek)</visible>
						</control>
						<control type="group">
						    <posx>0</posx>
						    <posy>0</posy>
						    <width>170</width>
						    <height>100</height>
						    <control type="image">
							<description>Poster</description>
							<posx>1</posx>
							<posy>3</posy>
							<width>63</width>
							<height>94</height>
							<aspectratio>keep</aspectratio>
							<texture background="true">$INFO[ListItem.Property(Art(poster))]</texture>
						    </control>
						    <control type="label">
							<posx>63</posx>
							<posy>15</posy>
							<width>104</width>
							<height>90</height>
							<label>[COLOR=FF00C8FA]$INFO[ListItem.Property(ShortTime)][CR]$INFO[ListItem.Property(NextDay)][/COLOR][CR]$INFO[ListItem.Property(NextNumber)][CR][COLOR=FF888888]$INFO[ListItem.Property(Runtime),, $LOCALIZE[12391]][/COLOR]</label>
							<align>right</align>
							<font>font10</font>
							<textcolor>FFFFFFFF</textcolor>
						    </control>
						    <visible>String.IsEqual(Window(Home).Property(TVGuide.ThumbType),0)</visible>
						</control>
						<control type="group">
						    <posx>0</posx>
						    <posy>0</posy>
						    <width>170</width>
						    <height>100</height>
						    <control type="image">
							<description>Banner</description>
							<posx>2</posx>
							<posy>3</posy>
							<width>166</width>
							<height>34</height>
							<aspectratio>keep</aspectratio>
							<texture background="true">$INFO[ListItem.Property(Art(banner))]</texture>
						    </control>
						    <control type="label">
							<posx>5</posx>
							<posy>35</posy>
							<width>160</width>
							<height>40</height>
							<label>[COLOR=FF00C8FA]$INFO[ListItem.Property(ShortTime)] - $INFO[ListItem.Property(NextDay)][/COLOR][CR]$INFO[ListItem.Property(NextNumber)]  [COLOR=FF888888]($INFO[ListItem.Property(Runtime),, $LOCALIZE[12391]])[/COLOR]</label>
							<align>left</align>
							<font>font10</font>
							<textcolor>FFFFFFFF</textcolor>
						    </control>
						    <control type="label">
							<posx>5</posx>
							<posy>75</posy>
							<width>160</width>
							<height>20</height>
							<label>$INFO[ListItem.Property(NextTitle)]</label>
							<align>left</align>
							<aligny>bottom</aligny>
							<font>font10</font>
							<textcolor>FFFFFFFF</textcolor>
						    </control>
						    <visible>String.IsEqual(Window(Home).Property(TVGuide.ThumbType),1)</visible>
						</control>
						<control type="group">
						    <posx>0</posx>
						    <posy>0</posy>
						    <width>170</width>
						    <height>100</height>
						    <control type="image">
							<description>Logo</description>
							<posx>1</posx>
							<posy>2</posy>
							<width>168</width>
							<height>66</height>
							<aspectratio>keep</aspectratio>
							<texture background="true">$INFO[ListItem.Property(Art(clearlogo))]</texture>
						    </control>
						    <control type="label">
							<posx>2</posx>
							<posy>70</posy>
							<width>166</width>
							<height>30</height>
							<label>$INFO[ListItem.Property(ShortTime)]</label>
							<textcolor>FF00C8FA</textcolor>
							<visible>!ListItem.Property(SecondWeek)</visible>
							<align>left</align>
							<font>font10</font>
						    </control>
						    <control type="label">
							<posx>2</posx>
							<posy>70</posy>
							<width>166</width>
							<height>30</height>
							<label>$INFO[ListItem.Property(NextDay)]</label>
							<textcolor>FF00C8FA</textcolor>
							<visible>ListItem.Property(SecondWeek)</visible>
							<align>left</align>
							<font>font10</font>
						    </control>
						    <control type="label">
							<posx>70</posx>
							<posy>70</posy>
							<width>88</width>
							<height>30</height>
							<label>$INFO[ListItem.Property(NextNumber)]</label>
							<align>right</align>
							<font>font10</font>
						    </control>
						    <visible>String.IsEqual(Window(Home).Property(TVGuide.ThumbType),2)</visible>
						</control>
					</itemlayout>
					<focusedlayout height="100" width="170">
						<control type="image">
							<description>Bg</description>
							<posx>0</posx>
							<posy>0</posy>
							<width>170</width>
							<height>100</height>
							<texture background="true">TVGuide-CalDay-Focus.png</texture>
							<visible>yes</visible>
						</control>
						<control type="group">
						    <posx>0</posx>
						    <posy>0</posy>
						    <width>170</width>
						    <height>100</height>
						    <control type="image">
							<description>Poster</description>
							<posx>1</posx>
							<posy>3</posy>
							<width>63</width>
							<height>94</height>
							<aspectratio>keep</aspectratio>
							<texture background="true">$INFO[ListItem.Property(Art(poster))]</texture>
						    </control>
						    <control type="label">
							<posx>63</posx>
							<posy>15</posy>
							<width>104</width>
							<height>90</height>
							<label>[COLOR=FF00C8FA]$INFO[ListItem.Property(ShortTime)][CR]$INFO[ListItem.Property(NextDay)][/COLOR][CR]$INFO[ListItem.Property(NextNumber)][CR][COLOR=FF888888]$INFO[ListItem.Property(Runtime),, $LOCALIZE[12391]][/COLOR]</label>
							<align>right</align>
							<font>font10</font>
							<textcolor>FFFFFFFF</textcolor>
						    </control>
						    <visible>String.IsEqual(Window(Home).Property(TVGuide.ThumbType),0)</visible>
						</control>
						<control type="group">
						    <posx>0</posx>
						    <posy>0</posy>
						    <width>170</width>
						    <height>100</height>
						    <control type="image">
							<description>Banner</description>
							<posx>2</posx>
							<posy>3</posy>
							<width>166</width>
							<height>34</height>
							<aspectratio>keep</aspectratio>
							<texture background="true">$INFO[ListItem.Property(Art(banner))]</texture>
						    </control>
						    <control type="label">
							<posx>5</posx>
							<posy>35</posy>
							<width>160</width>
							<height>40</height>
							<label>[COLOR=FF00C8FA]$INFO[ListItem.Property(ShortTime)] - $INFO[ListItem.Property(NextDay)][/COLOR][CR]$INFO[ListItem.Property(NextNumber)]  [COLOR=FF888888]($INFO[ListItem.Property(Runtime),, $LOCALIZE[12391]])[/COLOR]</label>
							<align>left</align>
							<font>font10</font>
							<textcolor>FFFFFFFF</textcolor>
						    </control>
						    <control type="label">
							<posx>5</posx>
							<posy>75</posy>
							<width>160</width>
							<height>20</height>
							<label>$INFO[ListItem.Property(NextTitle)]</label>
							<align>left</align>
							<aligny>bottom</aligny>
							<font>font10</font>
							<textcolor>FFFFFFFF</textcolor>
						    </control>
						    <visible>String.IsEqual(Window(Home).Property(TVGuide.ThumbType),1)</visible>
						</control>
						<control type="group">
						    <posx>0</posx>
						    <posy>0</posy>
						    <width>170</width>
						    <height>100</height>
						    <control type="image">
							<description>Logo</description>
							<posx>1</posx>
							<posy>2</posy>
							<width>168</width>
							<height>66</height>
							<aspectratio>keep</aspectratio>
							<texture background="true">$INFO[ListItem.Property(Art(clearlogo))]</texture>
						    </control>
						    <control type="label">
							<posx>2</posx>
							<posy>70</posy>
							<width>166</width>
							<height>30</height>
							<label>$INFO[ListItem.Property(ShortTime)]</label>
							<textcolor>FF00C8FA</textcolor>
							<visible>!ListItem.Property(SecondWeek)</visible>
							<align>left</align>
							<font>font10</font>
						    </control>
						    <control type="label">
							<posx>2</posx>
							<posy>70</posy>
							<width>166</width>
							<height>30</height>
							<label>$INFO[ListItem.Property(NextDay)]</label>
							<textcolor>FF00C8FA</textcolor>
							<visible>ListItem.Property(SecondWeek)</visible>
							<align>left</align>
							<font>font10</font>
						    </control>
						    <control type="label">
							<posx>70</posx>
							<posy>70</posy>
							<width>88</width>
							<height>30</height>
							<label>$INFO[ListItem.Property(NextNumber)]</label>
							<align>right</align>
							<font>font10</font>
						    </control>
						    <visible>String.IsEqual(Window(Home).Property(TVGuide.ThumbType),2)</visible>
						</control>
					</focusedlayout>
				</control>
			</control>
			<control type="group">
				<description>Friday</description>
				<visible>!String.IsEqual(Window(Home).Property(NextAired.204.Wday),)</visible>
				<width>170</width>
				<height>655</height>
				<control type="image">
					<description>Bg</description>
					<posx>0</posx>
					<posy>13</posy>
					<width>170</width>
					<height>20</height>
					<aspectratio>stretch</aspectratio>
					<texture background="true">TVGuide-TopDays.png</texture>
				</control>
				<control type="label">
					<posx>0</posx>
					<posy>13</posy>
					<width>170</width>
					<height>20</height>
					<label>$INFO[Window(Home).Property(NextAired.204.Weekday)]</label>
					<align>center</align>
					<aligny>center</aligny>
					<font>font13_title</font>
					<textcolor>FF000000</textcolor>
				</control>
				<control type="panel" id="204">
					<posx>0</posx>
					<posy>33</posy>
					<width>170</width>
					<height>627</height>
					<scrolltime>200</scrolltime>
					<onup>204</onup>
					<ondown>204</ondown>
					<onleft>203</onleft>
					<onright>205</onright>
					<itemlayout height="100" width="170">
						<control type="image">
							<description>Bg</description>
							<posx>0</posx>
							<posy>0</posy>
							<width>170</width>
							<height>100</height>
							<texture background="true">TVGuide-CalDay.png</texture>
							<visible>!ListItem.Property(SecondWeek)</visible>
						</control>
						<control type="image">
							<description>Bg</description>
							<posx>0</posx>
							<posy>0</posy>
							<width>170</width>
							<height>100</height>
							<texture background="true">TVGuide-CalDay-Week2.png</texture>
							<visible>ListItem.Property(SecondWeek)</visible>
						</control>
						<control type="group">
						    <posx>0</posx>
						    <posy>0</posy>
						    <width>170</width>
						    <height>100</height>
						    <control type="image">
							<description>Poster</description>
							<posx>1</posx>
							<posy>3</posy>
							<width>63</width>
							<height>94</height>
							<aspectratio>keep</aspectratio>
							<texture background="true">$INFO[ListItem.Property(Art(poster))]</texture>
						    </control>
						    <control type="label">
							<posx>63</posx>
							<posy>15</posy>
							<width>104</width>
							<height>90</height>
							<label>[COLOR=FF00C8FA]$INFO[ListItem.Property(ShortTime)][CR]$INFO[ListItem.Property(NextDay)][/COLOR][CR]$INFO[ListItem.Property(NextNumber)][CR][COLOR=FF888888]$INFO[ListItem.Property(Runtime),, $LOCALIZE[12391]][/COLOR]</label>
							<align>right</align>
							<font>font10</font>
							<textcolor>FFFFFFFF</textcolor>
						    </control>
						    <visible>String.IsEqual(Window(Home).Property(TVGuide.ThumbType),0)</visible>
						</control>
						<control type="group">
						    <posx>0</posx>
						    <posy>0</posy>
						    <width>170</width>
						    <height>100</height>
						    <control type="image">
							<description>Banner</description>
							<posx>2</posx>
							<posy>3</posy>
							<width>166</width>
							<height>34</height>
							<aspectratio>keep</aspectratio>
							<texture background="true">$INFO[ListItem.Property(Art(banner))]</texture>
						    </control>
						    <control type="label">
							<posx>5</posx>
							<posy>35</posy>
							<width>160</width>
							<height>40</height>
							<label>[COLOR=FF00C8FA]$INFO[ListItem.Property(ShortTime)] - $INFO[ListItem.Property(NextDay)][/COLOR][CR]$INFO[ListItem.Property(NextNumber)]  [COLOR=FF888888]($INFO[ListItem.Property(Runtime),, $LOCALIZE[12391]])[/COLOR]</label>
							<align>left</align>
							<font>font10</font>
							<textcolor>FFFFFFFF</textcolor>
						    </control>
						    <control type="label">
							<posx>5</posx>
							<posy>75</posy>
							<width>160</width>
							<height>20</height>
							<label>$INFO[ListItem.Property(NextTitle)]</label>
							<align>left</align>
							<aligny>bottom</aligny>
							<font>font10</font>
							<textcolor>FFFFFFFF</textcolor>
						    </control>
						    <visible>String.IsEqual(Window(Home).Property(TVGuide.ThumbType),1)</visible>
						</control>
						<control type="group">
						    <posx>0</posx>
						    <posy>0</posy>
						    <width>170</width>
						    <height>100</height>
						    <control type="image">
							<description>Logo</description>
							<posx>1</posx>
							<posy>2</posy>
							<width>168</width>
							<height>66</height>
							<aspectratio>keep</aspectratio>
							<texture background="true">$INFO[ListItem.Property(Art(clearlogo))]</texture>
						    </control>
						    <control type="label">
							<posx>2</posx>
							<posy>70</posy>
							<width>166</width>
							<height>30</height>
							<label>$INFO[ListItem.Property(ShortTime)]</label>
							<textcolor>FF00C8FA</textcolor>
							<visible>!ListItem.Property(SecondWeek)</visible>
							<align>left</align>
							<font>font10</font>
						    </control>
						    <control type="label">
							<posx>2</posx>
							<posy>70</posy>
							<width>166</width>
							<height>30</height>
							<label>$INFO[ListItem.Property(NextDay)]</label>
							<textcolor>FF00C8FA</textcolor>
							<visible>ListItem.Property(SecondWeek)</visible>
							<align>left</align>
							<font>font10</font>
						    </control>
						    <control type="label">
							<posx>70</posx>
							<posy>70</posy>
							<width>88</width>
							<height>30</height>
							<label>$INFO[ListItem.Property(NextNumber)]</label>
							<align>right</align>
							<font>font10</font>
						    </control>
						    <visible>String.IsEqual(Window(Home).Property(TVGuide.ThumbType),2)</visible>
						</control>
					</itemlayout>
					<focusedlayout height="100" width="170">
						<control type="image">
							<description>Bg</description>
							<posx>0</posx>
							<posy>0</posy>
							<width>170</width>
							<height>100</height>
							<texture background="true">TVGuide-CalDay-Focus.png</texture>
							<visible>yes</visible>
						</control>
						<control type="group">
						    <posx>0</posx>
						    <posy>0</posy>
						    <width>170</width>
						    <height>100</height>
						    <control type="image">
							<description>Poster</description>
							<posx>1</posx>
							<posy>3</posy>
							<width>63</width>
							<height>94</height>
							<aspectratio>keep</aspectratio>
							<texture background="true">$INFO[ListItem.Property(Art(poster))]</texture>
						    </control>
						    <control type="label">
							<posx>63</posx>
							<posy>15</posy>
							<width>104</width>
							<height>90</height>
							<label>[COLOR=FF00C8FA]$INFO[ListItem.Property(ShortTime)][CR]$INFO[ListItem.Property(NextDay)][/COLOR][CR]$INFO[ListItem.Property(NextNumber)][CR][COLOR=FF888888]$INFO[ListItem.Property(Runtime),, $LOCALIZE[12391]][/COLOR]</label>
							<align>right</align>
							<font>font10</font>
							<textcolor>FFFFFFFF</textcolor>
						    </control>
						    <visible>String.IsEqual(Window(Home).Property(TVGuide.ThumbType),0)</visible>
						</control>
						<control type="group">
						    <posx>0</posx>
						    <posy>0</posy>
						    <width>170</width>
						    <height>100</height>
						    <control type="image">
							<description>Banner</description>
							<posx>2</posx>
							<posy>3</posy>
							<width>166</width>
							<height>34</height>
							<aspectratio>keep</aspectratio>
							<texture background="true">$INFO[ListItem.Property(Art(banner))]</texture>
						    </control>
						    <control type="label">
							<posx>5</posx>
							<posy>35</posy>
							<width>160</width>
							<height>40</height>
							<label>[COLOR=FF00C8FA]$INFO[ListItem.Property(ShortTime)] - $INFO[ListItem.Property(NextDay)][/COLOR][CR]$INFO[ListItem.Property(NextNumber)]  [COLOR=FF888888]($INFO[ListItem.Property(Runtime),, $LOCALIZE[12391]])[/COLOR]</label>
							<align>left</align>
							<font>font10</font>
							<textcolor>FFFFFFFF</textcolor>
						    </control>
						    <control type="label">
							<posx>5</posx>
							<posy>75</posy>
							<width>160</width>
							<height>20</height>
							<label>$INFO[ListItem.Property(NextTitle)]</label>
							<align>left</align>
							<aligny>bottom</aligny>
							<font>font10</font>
							<textcolor>FFFFFFFF</textcolor>
						    </control>
						    <visible>String.IsEqual(Window(Home).Property(TVGuide.ThumbType),1)</visible>
						</control>
						<control type="group">
						    <posx>0</posx>
						    <posy>0</posy>
						    <width>170</width>
						    <height>100</height>
						    <control type="image">
							<description>Logo</description>
							<posx>1</posx>
							<posy>2</posy>
							<width>168</width>
							<height>66</height>
							<aspectratio>keep</aspectratio>
							<texture background="true">$INFO[ListItem.Property(Art(clearlogo))]</texture>
						    </control>
						    <control type="label">
							<posx>2</posx>
							<posy>70</posy>
							<width>166</width>
							<height>30</height>
							<label>$INFO[ListItem.Property(ShortTime)]</label>
							<textcolor>FF00C8FA</textcolor>
							<visible>!ListItem.Property(SecondWeek)</visible>
							<align>left</align>
							<font>font10</font>
						    </control>
						    <control type="label">
							<posx>2</posx>
							<posy>70</posy>
							<width>166</width>
							<height>30</height>
							<label>$INFO[ListItem.Property(NextDay)]</label>
							<textcolor>FF00C8FA</textcolor>
							<visible>ListItem.Property(SecondWeek)</visible>
							<align>left</align>
							<font>font10</font>
						    </control>
						    <control type="label">
							<posx>70</posx>
							<posy>70</posy>
							<width>88</width>
							<height>30</height>
							<label>$INFO[ListItem.Property(NextNumber)]</label>
							<align>right</align>
							<font>font10</font>
						    </control>
						    <visible>String.IsEqual(Window(Home).Property(TVGuide.ThumbType),2)</visible>
						</control>
					</focusedlayout>
				</control>
			</control>
			<control type="group">
				<description>Saturday</description>
				<visible>!String.IsEqual(Window(Home).Property(NextAired.205.Wday),)</visible>
				<width>170</width>
				<height>655</height>
				<control type="image">
					<description>Bg</description>
					<posx>0</posx>
					<posy>13</posy>
					<width>170</width>
					<height>20</height>
					<aspectratio>stretch</aspectratio>
					<texture background="true">TVGuide-TopDays.png</texture>
				</control>
				<control type="label">
					<posx>0</posx>
					<posy>13</posy>
					<width>170</width>
					<height>20</height>
					<label>$INFO[Window(Home).Property(NextAired.205.Weekday)]</label>
					<align>center</align>
					<aligny>center</aligny>
					<font>font13_title</font>
					<textcolor>FF000000</textcolor>
				</control>
				<control type="panel" id="205">
					<posx>0</posx>
					<posy>33</posy>
					<width>170</width>
					<height>627</height>
					<scrolltime>200</scrolltime>
					<onup>205</onup>
					<ondown>205</ondown>
					<onleft>204</onleft>
					<onright>206</onright>
					<itemlayout height="100" width="170">
						<control type="image">
							<description>Bg</description>
							<posx>0</posx>
							<posy>0</posy>
							<width>170</width>
							<height>100</height>
							<texture background="true">TVGuide-CalDay.png</texture>
							<visible>!ListItem.Property(SecondWeek)</visible>
						</control>
						<control type="image">
							<description>Bg</description>
							<posx>0</posx>
							<posy>0</posy>
							<width>170</width>
							<height>100</height>
							<texture background="true">TVGuide-CalDay-Week2.png</texture>
							<visible>ListItem.Property(SecondWeek)</visible>
						</control>
						<control type="group">
						    <posx>0</posx>
						    <posy>0</posy>
						    <width>170</width>
						    <height>100</height>
						    <control type="image">
							<description>Poster</description>
							<posx>1</posx>
							<posy>3</posy>
							<width>63</width>
							<height>94</height>
							<aspectratio>keep</aspectratio>
							<texture background="true">$INFO[ListItem.Property(Art(poster))]</texture>
						    </control>
						    <control type="label">
							<posx>63</posx>
							<posy>15</posy>
							<width>104</width>
							<height>90</height>
							<label>[COLOR=FF00C8FA]$INFO[ListItem.Property(ShortTime)][CR]$INFO[ListItem.Property(NextDay)][/COLOR][CR]$INFO[ListItem.Property(NextNumber)][CR][COLOR=FF888888]$INFO[ListItem.Property(Runtime),, $LOCALIZE[12391]][/COLOR]</label>
							<align>right</align>
							<font>font10</font>
							<textcolor>FFFFFFFF</textcolor>
						    </control>
						    <visible>String.IsEqual(Window(Home).Property(TVGuide.ThumbType),0)</visible>
						</control>
						<control type="group">
						    <posx>0</posx>
						    <posy>0</posy>
						    <width>170</width>
						    <height>100</height>
						    <control type="image">
							<description>Banner</description>
							<posx>2</posx>
							<posy>3</posy>
							<width>166</width>
							<height>34</height>
							<aspectratio>keep</aspectratio>
							<texture background="true">$INFO[ListItem.Property(Art(banner))]</texture>
						    </control>
						    <control type="label">
							<posx>5</posx>
							<posy>35</posy>
							<width>160</width>
							<height>40</height>
							<label>[COLOR=FF00C8FA]$INFO[ListItem.Property(ShortTime)] - $INFO[ListItem.Property(NextDay)][/COLOR][CR]$INFO[ListItem.Property(NextNumber)]  [COLOR=FF888888]($INFO[ListItem.Property(Runtime),, $LOCALIZE[12391]])[/COLOR]</label>
							<align>left</align>
							<font>font10</font>
							<textcolor>FFFFFFFF</textcolor>
						    </control>
						    <control type="label">
							<posx>5</posx>
							<posy>75</posy>
							<width>160</width>
							<height>20</height>
							<label>$INFO[ListItem.Property(NextTitle)]</label>
							<align>left</align>
							<aligny>bottom</aligny>
							<font>font10</font>
							<textcolor>FFFFFFFF</textcolor>
						    </control>
						    <visible>String.IsEqual(Window(Home).Property(TVGuide.ThumbType),1)</visible>
						</control>
						<control type="group">
						    <posx>0</posx>
						    <posy>0</posy>
						    <width>170</width>
						    <height>100</height>
						    <control type="image">
							<description>Logo</description>
							<posx>1</posx>
							<posy>2</posy>
							<width>168</width>
							<height>66</height>
							<aspectratio>keep</aspectratio>
							<texture background="true">$INFO[ListItem.Property(Art(clearlogo))]</texture>
						    </control>
						    <control type="label">
							<posx>2</posx>
							<posy>70</posy>
							<width>166</width>
							<height>30</height>
							<label>$INFO[ListItem.Property(ShortTime)]</label>
							<textcolor>FF00C8FA</textcolor>
							<visible>!ListItem.Property(SecondWeek)</visible>
							<align>left</align>
							<font>font10</font>
						    </control>
						    <control type="label">
							<posx>2</posx>
							<posy>70</posy>
							<width>166</width>
							<height>30</height>
							<label>$INFO[ListItem.Property(NextDay)]</label>
							<textcolor>FF00C8FA</textcolor>
							<visible>ListItem.Property(SecondWeek)</visible>
							<align>left</align>
							<font>font10</font>
						    </control>
						    <control type="label">
							<posx>70</posx>
							<posy>70</posy>
							<width>88</width>
							<height>30</height>
							<label>$INFO[ListItem.Property(NextNumber)]</label>
							<align>right</align>
							<font>font10</font>
						    </control>
						    <visible>String.IsEqual(Window(Home).Property(TVGuide.ThumbType),2)</visible>
						</control>
					</itemlayout>
					<focusedlayout height="100" width="170">
						<control type="image">
							<description>Bg</description>
							<posx>0</posx>
							<posy>0</posy>
							<width>170</width>
							<height>100</height>
							<texture background="true">TVGuide-CalDay-Focus.png</texture>
							<visible>yes</visible>
						</control>
						<control type="group">
						    <posx>0</posx>
						    <posy>0</posy>
						    <width>170</width>
						    <height>100</height>
						    <control type="image">
							<description>Poster</description>
							<posx>1</posx>
							<posy>3</posy>
							<width>63</width>
							<height>94</height>
							<aspectratio>keep</aspectratio>
							<texture background="true">$INFO[ListItem.Property(Art(poster))]</texture>
						    </control>
						    <control type="label">
							<posx>63</posx>
							<posy>15</posy>
							<width>104</width>
							<height>90</height>
							<label>[COLOR=FF00C8FA]$INFO[ListItem.Property(ShortTime)][CR]$INFO[ListItem.Property(NextDay)][/COLOR][CR]$INFO[ListItem.Property(NextNumber)][CR][COLOR=FF888888]$INFO[ListItem.Property(Runtime),, $LOCALIZE[12391]][/COLOR]</label>
							<align>right</align>
							<font>font10</font>
							<textcolor>FFFFFFFF</textcolor>
						    </control>
						    <visible>String.IsEqual(Window(Home).Property(TVGuide.ThumbType),0)</visible>
						</control>
						<control type="group">
						    <posx>0</posx>
						    <posy>0</posy>
						    <width>170</width>
						    <height>100</height>
						    <control type="image">
							<description>Banner</description>
							<posx>2</posx>
							<posy>3</posy>
							<width>166</width>
							<height>34</height>
							<aspectratio>keep</aspectratio>
							<texture background="true">$INFO[ListItem.Property(Art(banner))]</texture>
						    </control>
						    <control type="label">
							<posx>5</posx>
							<posy>35</posy>
							<width>160</width>
							<height>40</height>
							<label>[COLOR=FF00C8FA]$INFO[ListItem.Property(ShortTime)] - $INFO[ListItem.Property(NextDay)][/COLOR][CR]$INFO[ListItem.Property(NextNumber)]  [COLOR=FF888888]($INFO[ListItem.Property(Runtime),, $LOCALIZE[12391]])[/COLOR]</label>
							<align>left</align>
							<font>font10</font>
							<textcolor>FFFFFFFF</textcolor>
						    </control>
						    <control type="label">
							<posx>5</posx>
							<posy>75</posy>
							<width>160</width>
							<height>20</height>
							<label>$INFO[ListItem.Property(NextTitle)]</label>
							<align>left</align>
							<aligny>bottom</aligny>
							<font>font10</font>
							<textcolor>FFFFFFFF</textcolor>
						    </control>
						    <visible>String.IsEqual(Window(Home).Property(TVGuide.ThumbType),1)</visible>
						</control>
						<control type="group">
						    <posx>0</posx>
						    <posy>0</posy>
						    <width>170</width>
						    <height>100</height>
						    <control type="image">
							<description>Logo</description>
							<posx>1</posx>
							<posy>2</posy>
							<width>168</width>
							<height>66</height>
							<aspectratio>keep</aspectratio>
							<texture background="true">$INFO[ListItem.Property(Art(clearlogo))]</texture>
						    </control>
						    <control type="label">
							<posx>2</posx>
							<posy>70</posy>
							<width>166</width>
							<height>30</height>
							<label>$INFO[ListItem.Property(ShortTime)]</label>
							<textcolor>FF00C8FA</textcolor>
							<visible>!ListItem.Property(SecondWeek)</visible>
							<align>left</align>
							<font>font10</font>
						    </control>
						    <control type="label">
							<posx>2</posx>
							<posy>70</posy>
							<width>166</width>
							<height>30</height>
							<label>$INFO[ListItem.Property(NextDay)]</label>
							<textcolor>FF00C8FA</textcolor>
							<visible>ListItem.Property(SecondWeek)</visible>
							<align>left</align>
							<font>font10</font>
						    </control>
						    <control type="label">
							<posx>70</posx>
							<posy>70</posy>
							<width>88</width>
							<height>30</height>
							<label>$INFO[ListItem.Property(NextNumber)]</label>
							<align>right</align>
							<font>font10</font>
						    </control>
						    <visible>String.IsEqual(Window(Home).Property(TVGuide.ThumbType),2)</visible>
						</control>
					</focusedlayout>
				</control>
			</control>
			<control type="group">
				<description>Sunday</description>
				<visible>!String.IsEqual(Window(Home).Property(NextAired.206.Wday),)</visible>
				<width>170</width>
				<height>655</height>
				<control type="image">
					<description>Bg</description>
					<posx>0</posx>
					<posy>13</posy>
					<width>170</width>
					<height>20</height>
					<aspectratio>stretch</aspectratio>
					<texture background="true">TVGuide-TopDays.png</texture>
				</control>
				<control type="label">
					<posx>0</posx>
					<posy>13</posy>
					<width>170</width>
					<height>20</height>
					<label>$INFO[Window(Home).Property(NextAired.206.Weekday)]</label>
					<align>center</align>
					<aligny>center</aligny>
					<font>font13_title</font>
					<textcolor>FF000000</textcolor>
				</control>
				<control type="panel" id="206">
					<posx>0</posx>
					<posy>33</posy>
					<width>170</width>
					<height>627</height>
					<scrolltime>200</scrolltime>
					<onup>206</onup>
					<ondown>206</ondown>
					<onleft>205</onleft>
					<onright>200</onright>
					<itemlayout height="100" width="170">
						<control type="image">
							<description>Bg</description>
							<posx>0</posx>
							<posy>0</posy>
							<width>170</width>
							<height>100</height>
							<texture background="true">TVGuide-CalDay.png</texture>
							<visible>!ListItem.Property(SecondWeek)</visible>
						</control>
						<control type="image">
							<description>Bg</description>
							<posx>0</posx>
							<posy>0</posy>
							<width>170</width>
							<height>100</height>
							<texture background="true">TVGuide-CalDay-Week2.png</texture>
							<visible>ListItem.Property(SecondWeek)</visible>
						</control>
						<control type="group">
						    <posx>0</posx>
						    <posy>0</posy>
						    <width>170</width>
						    <height>100</height>
						    <control type="image">
							<description>Poster</description>
							<posx>1</posx>
							<posy>3</posy>
							<width>63</width>
							<height>94</height>
							<aspectratio>keep</aspectratio>
							<texture background="true">$INFO[ListItem.Property(Art(poster))]</texture>
						    </control>
						    <control type="label">
							<posx>63</posx>
							<posy>15</posy>
							<width>104</width>
							<height>90</height>
							<label>[COLOR=FF00C8FA]$INFO[ListItem.Property(ShortTime)][CR]$INFO[ListItem.Property(NextDay)][/COLOR][CR]$INFO[ListItem.Property(NextNumber)][CR][COLOR=FF888888]$INFO[ListItem.Property(Runtime),, $LOCALIZE[12391]][/COLOR]</label>
							<align>right</align>
							<font>font10</font>
							<textcolor>FFFFFFFF</textcolor>
						    </control>
						    <visible>String.IsEqual(Window(Home).Property(TVGuide.ThumbType),0)</visible>
						</control>
						<control type="group">
						    <posx>0</posx>
						    <posy>0</posy>
						    <width>170</width>
						    <height>100</height>
						    <control type="image">
							<description>Banner</description>
							<posx>2</posx>
							<posy>3</posy>
							<width>166</width>
							<height>34</height>
							<aspectratio>keep</aspectratio>
							<texture background="true">$INFO[ListItem.Property(Art(banner))]</texture>
						    </control>
						    <control type="label">
							<posx>5</posx>
							<posy>35</posy>
							<width>160</width>
							<height>40</height>
							<label>[COLOR=FF00C8FA]$INFO[ListItem.Property(ShortTime)] - $INFO[ListItem.Property(NextDay)][/COLOR][CR]$INFO[ListItem.Property(NextNumber)]  [COLOR=FF888888]($INFO[ListItem.Property(Runtime),, $LOCALIZE[12391]])[/COLOR]</label>
							<align>left</align>
							<font>font10</font>
							<textcolor>FFFFFFFF</textcolor>
						    </control>
						    <control type="label">
							<posx>5</posx>
							<posy>75</posy>
							<width>160</width>
							<height>20</height>
							<label>$INFO[ListItem.Property(NextTitle)]</label>
							<align>left</align>
							<aligny>bottom</aligny>
							<font>font10</font>
							<textcolor>FFFFFFFF</textcolor>
						    </control>
						    <visible>String.IsEqual(Window(Home).Property(TVGuide.ThumbType),1)</visible>
						</control>
						<control type="group">
						    <posx>0</posx>
						    <posy>0</posy>
						    <width>170</width>
						    <height>100</height>
						    <control type="image">
							<description>Logo</description>
							<posx>1</posx>
							<posy>2</posy>
							<width>168</width>
							<height>66</height>
							<aspectratio>keep</aspectratio>
							<texture background="true">$INFO[ListItem.Property(Art(clearlogo))]</texture>
						    </control>
						    <control type="label">
							<posx>2</posx>
							<posy>70</posy>
							<width>166</width>
							<height>30</height>
							<label>$INFO[ListItem.Property(ShortTime)]</label>
							<textcolor>FF00C8FA</textcolor>
							<visible>!ListItem.Property(SecondWeek)</visible>
							<align>left</align>
							<font>font10</font>
						    </control>
						    <control type="label">
							<posx>2</posx>
							<posy>70</posy>
							<width>166</width>
							<height>30</height>
							<label>$INFO[ListItem.Property(NextDay)]</label>
							<textcolor>FF00C8FA</textcolor>
							<visible>ListItem.Property(SecondWeek)</visible>
							<align>left</align>
							<font>font10</font>
						    </control>
						    <control type="label">
							<posx>70</posx>
							<posy>70</posy>
							<width>88</width>
							<height>30</height>
							<label>$INFO[ListItem.Property(NextNumber)]</label>
							<align>right</align>
							<font>font10</font>
						    </control>
						    <visible>String.IsEqual(Window(Home).Property(TVGuide.ThumbType),2)</visible>
						</control>
					</itemlayout>
					<focusedlayout height="100" width="170">
						<control type="image">
							<description>Bg</description>
							<posx>0</posx>
							<posy>0</posy>
							<width>170</width>
							<height>100</height>
							<texture background="true">TVGuide-CalDay-Focus.png</texture>
							<visible>yes</visible>
						</control>
						<control type="group">
						    <posx>0</posx>
						    <posy>0</posy>
						    <width>170</width>
						    <height>100</height>
						    <control type="image">
							<description>Poster</description>
							<posx>1</posx>
							<posy>3</posy>
							<width>63</width>
							<height>94</height>
							<aspectratio>keep</aspectratio>
							<texture background="true">$INFO[ListItem.Property(Art(poster))]</texture>
						    </control>
						    <control type="label">
							<posx>63</posx>
							<posy>15</posy>
							<width>104</width>
							<height>90</height>
							<label>[COLOR=FF00C8FA]$INFO[ListItem.Property(ShortTime)][CR]$INFO[ListItem.Property(NextDay)][/COLOR][CR]$INFO[ListItem.Property(NextNumber)][CR][COLOR=FF888888]$INFO[ListItem.Property(Runtime),, $LOCALIZE[12391]][/COLOR]</label>
							<align>right</align>
							<font>font10</font>
							<textcolor>FFFFFFFF</textcolor>
						    </control>
						    <visible>String.IsEqual(Window(Home).Property(TVGuide.ThumbType),0)</visible>
						</control>
						<control type="group">
						    <posx>0</posx>
						    <posy>0</posy>
						    <width>170</width>
						    <height>100</height>
						    <control type="image">
							<description>Banner</description>
							<posx>2</posx>
							<posy>3</posy>
							<width>166</width>
							<height>34</height>
							<aspectratio>keep</aspectratio>
							<texture background="true">$INFO[ListItem.Property(Art(banner))]</texture>
						    </control>
						    <control type="label">
							<posx>5</posx>
							<posy>35</posy>
							<width>160</width>
							<height>40</height>
							<label>[COLOR=FF00C8FA]$INFO[ListItem.Property(ShortTime)] - $INFO[ListItem.Property(NextDay)][/COLOR][CR]$INFO[ListItem.Property(NextNumber)]  [COLOR=FF888888]($INFO[ListItem.Property(Runtime),, $LOCALIZE[12391]])[/COLOR]</label>
							<align>left</align>
							<font>font10</font>
							<textcolor>FFFFFFFF</textcolor>
						    </control>
						    <control type="label">
							<posx>5</posx>
							<posy>75</posy>
							<width>160</width>
							<height>20</height>
							<label>$INFO[ListItem.Property(NextTitle)]</label>
							<align>left</align>
							<aligny>bottom</aligny>
							<font>font10</font>
							<textcolor>FFFFFFFF</textcolor>
						    </control>
						    <visible>String.IsEqual(Window(Home).Property(TVGuide.ThumbType),1)</visible>
						</control>
						<control type="group">
						    <posx>0</posx>
						    <posy>0</posy>
						    <width>170</width>
						    <height>100</height>
						    <control type="image">
							<description>Logo</description>
							<posx>1</posx>
							<posy>2</posy>
							<width>168</width>
							<height>66</height>
							<aspectratio>keep</aspectratio>
							<texture background="true">$INFO[ListItem.Property(Art(clearlogo))]</texture>
						    </control>
						    <control type="label">
							<posx>2</posx>
							<posy>70</posy>
							<width>166</width>
							<height>30</height>
							<label>$INFO[ListItem.Property(ShortTime)]</label>
							<textcolor>FF00C8FA</textcolor>
							<visible>!ListItem.Property(SecondWeek)</visible>
							<align>left</align>
							<font>font10</font>
						    </control>
						    <control type="label">
							<posx>2</posx>
							<posy>70</posy>
							<width>166</width>
							<height>30</height>
							<label>$INFO[ListItem.Property(NextDay)]</label>
							<textcolor>FF00C8FA</textcolor>
							<visible>ListItem.Property(SecondWeek)</visible>
							<align>left</align>
							<font>font10</font>
						    </control>
						    <control type="label">
							<posx>70</posx>
							<posy>70</posy>
							<width>88</width>
							<height>30</height>
							<label>$INFO[ListItem.Property(NextNumber)]</label>
							<align>right</align>
							<font>font10</font>
						    </control>
						    <visible>String.IsEqual(Window(Home).Property(TVGuide.ThumbType),2)</visible>
						</control>
					</focusedlayout>
				</control>
			</control>
		</control>
		<control type="group">
			<control type="group">
				<posx>-250</posx>
				<animation effect="slide" start="0,0" end="250,0" time="400" tween="quadratic" easing="out" condition="ControlGroup(9000).HasFocus | Control.HasFocus(9001) | Control.HasFocus(8999)">Conditional</animation>
				<animation effect="slide" start="0,0" end="-300,0" time="400" tween="quadratic" easing="out" condition="ControlGroup(9000).HasFocus | Control.HasFocus(9001)">WindowClose</animation>
				<animation effect="slide" start="0,0" end="-50,0" time="300" tween="quadratic" easing="out" condition="![ControlGroup(9000).HasFocus | Control.HasFocus(9001)]">WindowClose</animation>
				<animation effect="slide" start="-50,0" end="0,0" time="300" tween="quadratic" easing="out">WindowOpen</animation>
				<control type="button" id="8999">
					<description>Fake button for mouse control</description>
					<posx>0</posx>
					<posy>0</posy>
					<width>250</width>
					<height>720</height>
					<label>-</label>
					<font>-</font>
					<texturenofocus>-</texturenofocus>
					<texturefocus>-</texturefocus>
					<visible>true</visible>
				</control>
				<control type="button" id="9001">
					<posx>250</posx>
					<posy>260</posy>
					<width>42</width>
					<height>128</height>
					<font>-</font>
					<texturefocus>TVGuide-HasSub.png</texturefocus>
					<texturenofocus>TVGuide-HasSub.png</texturenofocus>
				</control>
				<control type="image">
					<posx>0</posx>
					<posy>0</posy>
					<width>260</width>
					<height>720</height>
					<texture border="0,0,10,0">TVGuide-MediaBladeSub.png</texture>
					<aspectratio>stretch</aspectratio>
				</control>
				<control type="image">
					<description>LOGO</description>
					<posx>15</posx>
					<posy>50</posy>
					<width>220</width>
					<height>220</height>
					<aspectratio>keep</aspectratio>
					<texture>TVGuide-Icon.png</texture>
				</control>
				<control type="grouplist" id="9000">
					<posx>0</posx>
					<posy>275</posy>
					<width>250</width>
					<height>480</height>
					<onleft>206</onleft>
					<onright>200</onright>
					<onup>9000</onup>
					<ondown>9000</ondown>
					<itemgap>0</itemgap>
					<control type="label">
						<width>250</width>
						<height>35</height>
						<font>font12</font>
						<label>33063</label>
						<textcolor>blue</textcolor>
						<align>center</align>
						<aligny>center</aligny>
					</control>
					<control type="button" id="8">
						<description>Settings</description>
						<textwidth>235</textwidth>
						<height>40</height>
						<width>250</width>
						<textoffsetx>10</textoffsetx>
						<textwidth>200</textwidth>
						<align>center</align>
						<aligny>center</aligny>
						<font>font13</font>
						<texturefocus border="5">TVGuide-Button.png</texturefocus>
						<texturenofocus>-</texturenofocus>
						<pulseonselect>false</pulseonselect>
						<label>5</label>
					</control>
				</control>
			</control>
		</control>
		<control type="group">
			<posx>0</posx>
			<posy>0</posy>
			<animation effect="slide" end="-270,0" time="400" tween="quadratic" easing="out" condition="Window.Next(Home)">WindowClose</animation>
			<animation effect="slide" start="-270,0" time="400" tween="quadratic" easing="out" condition="Window.Previous(Home)">WindowOpen</animation>
			<control type="image">
				<posx>0</posx>
				<posy>0</posy>
				<width>80</width>
				<height>35</height>
				<texture border="0,0,32,0">TVGuide-Header.png</texture>
				<aspectratio>stretch</aspectratio>
			</control>
			<control type="button">
				<hitrect x="0" y="0" w="60" h="30" />
				<posx>20</posx>
				<posy>5</posy>
				<width>25</width>
				<height>20</height>
				<texturenofocus>TVGuide-HomeIcon.png</texturenofocus>
				<texturefocus>TVGuide-HomeIcon-Focus.png</texturefocus>
				<label>-</label>
				<onclick>ActivateWindow(Home)</onclick>
			</control>
		</control>
		<control type="group">
			<posx>140r</posx>
			<posy>0</posy>
			<animation effect="slide" start="0,0" end="-60,0" delay="0" time="300" condition="Window.IsVisible(MuteBug)">conditional</animation>
			<animation effect="slide" start="0,0" end="210,0" delay="0" time="300" condition="Window.Next(Home) + ![Window.IsVisible(MovieInformation) | Window.IsVisible(MusicInformation)]">WindowClose</animation>
			<animation effect="slide" start="210,0" end="0,0" delay="0" time="300" condition="Window.Previous(Home) + ![Window.IsVisible(MovieInformation) | Window.IsVisible(MusicInformation)]">WindowOpen</animation>
			<control type="image">
				<description>time background</description>
				<posx>0</posx>
				<posy>0</posy>
				<width>150</width>
				<height>35</height>
				<texture flipx="true" border="32,0,0,0">TVGuide-Header.png</texture>
				<aspectratio>stretch</aspectratio>
			</control>
			<control type="label">
				<description>time label</description>
				<posx>30</posx>
				<posy>0</posy>
				<width>400</width>
				<height>28</height>
				<align>left</align>
				<aligny>center</aligny>
				<font>font12</font>
				<textcolor>white</textcolor>
				<label>$INFO[System.Time]</label>
			</control>
		</control>
	</controls>
</window>