<?xml version="1.0" encoding="UTF-8" standalone="yes"?>
<addon id="plugin.program.themaka18" name="The Maka [B][COLOR dodgerblue]Leia[/COLOR][/B] Wizard" version="420.1.7" provider-name="Makanaki">
  <requires>
    <import addon="xbmc.python" version="2.1.0"/>
  </requires>
  <extension point="xbmc.python.pluginsource" library="default.py">
    <provides>executable</provides>
  </extension>
  <extension point="xbmc.service" library="startup.py" start="startup" />
  <extension point="xbmc.addon.metadata">
    <summary lang="en">The Maka Wizard</summary>
    <description lang="en">In this wizard you will find the latest Maka Wizard and Tools. Thanks whufclee at NaN, GUYS at TI, Brackets for the app installer!! RomanVM for the PyXBMCt libs. Fire TV Guru for the PyXBMCt layout  Also a very special Thanks to Surfacingx for the base code used in this add-on.</description>
    <platform>all</platform>
  </extension>
</addon>
