<?xml version="1.0" encoding="UTF-8" standalone="yes"?>
<addon id="plugin.program.makanakiwizard" name="[COLOR blue]Makanaki[/COLOR][COLOR white]Wizard[/COLOR]" version="1.8.9" provider-name="Makanaki">
  <requires>
    <import addon="xbmc.python" version="2.1.0"/>
  </requires>
  <extension point="xbmc.python.pluginsource" library="default.py">
        <provides>executable</provides>
  </extension>
  <extension point="xbmc.service" library="startup.py" start="startup" />
  <extension point="xbmc.addon.metadata">
    <summary lang="en">Makanaki Wizard</summary>
    <description lang="en">Makanaki Wizard los mejores wizard y ajustes a un click.</description>
    <platform>all</platform>
  </extension>
</addon>