<?xml version="1.0" encoding="UTF-8" standalone="yes"?>
<addon id="repository.morepower" version="1.3" name="[B][COLOR lime]More Power[/COLOR][/B]" provider-name="">
	<requires>
		<import addon="xbmc.python" version="2.1.0" />
		<import addon="plugin.video.youtube" version="5.2.1" optional="true" />
		<import addon="script.module.pyxbmct" version="1.1.4" />
		<import addon="script.module.urlresolver" version="3.0.0"/>
		
	</requires>
	<extension point="xbmc.python.pluginsource" library="default.py">
		<provides>repository</provides>
	</extension>
	<extension point="xbmc.addon.metadata">
		<summary lang="en"></summary>
		<description lang="en"></description>
		<platform></platform>
		<forum></forum>
		<website></website>
	</extension>
</addon>
