<?xml version="1.0" encoding="UTF-8" standalone="yes"?>
<addon id="plugin.image.diggzwallpapers" name=" [COLOR blue] Diggz Wallpapers[/COLOR]" version="1.0.1" provider-name="FTG">
  <requires>
    <import addon="xbmc.python" version="2.1.0"/>
	<import addon="script.module.beautifulsoup" version="3.2.1"/>		

  </requires>
  <extension point="xbmc.python.pluginsource" library="default.py">
        <provides>image</provides>
  </extension>
  <extension point="xbmc.addon.metadata">
    <summary lang="en"></summary>
    <description lang="en">Diggz Wallpapers from the net</description>
    <platform>all</platform>
  </extension>
</addon>
